EPID,PartNumber,,,
109942144,23460,,,
109948264,49430,,,
109966164,93367,,,
109966214,23766,,,
109966334,22615,,,
109966344,49731,,,
109967371,93345,,,
109967401,23383,,,
109968071,23250,,,
109968154,93441,,,
109968164,23163,,,
109973761,23946,,,
109976112,23374,,,
109976642,22769,,,
109980925,93478,,,
109980995,49865,,,
109982832,23785,,,
109986664,49299,,,
109986674,23835,,,
109986694,49485,,,
109987415,23409,,,
109991601,49689,,,
109991701,49314,,,
109991711,23706,,,
109991731,49115,,,
109998106,93266,,,
109998556,23523,,,
109998646,93195,,,
109998676,93325,,,
110000152,49531,,,
110000312,93269,,,
110000352,23637,,,
110002152,93297,,,
110004644,93414,,,
110004946,49457,,,
110005046,49660,,,
110005269,23427,,,
110005339,23274,,,
110005365,23365,,,
110005476,49950,,,
110005486,93216,,,
110005509,23802,,,
110005575,93384,,,
110007275,23654,,,
110007332,49804,,,
110007365,93146,,,
110007385,49665,,,
110012641,23796,,,
110012681,49480,,,
110013654,49764,,,
110018724,49348,,,
110018734,49341,,,
110020890,23358,,,
110021452,93289,,,
110021532,23498,,,
110022386,93610,,,
110022426,23319,,,
110022536,49144,,,
110022596,50828,,,
110024316,23639,,,
110024326,23826,,,
110024893,23474,,,
110025062,49579,,,
110025203,23757,,,
110025443,93212,,,
110026169,49976,,,
110026179,23337,,,
110026199,93994,,,
110026319,46773,,,
110026349,23872,,,
110026409,93106,,,
110026429,23990,,,
110026615,49316,,,
110026625,22931,,,
110026635,49876,,,
110026655,49572,,,
110026675,49611,,,
110026685,49687,,,
110026715,93428,,,
110026725,93252,,,
110026735,23617,,,
110026805,93286,,,
110027950,49468,,,
110029391,22761,,,
110029401,23541,,,
110029411,49370,,,
110029421,93278,,,
110029441,93137,,,
110029467,23244,,,
110029571,50881,,,
110029627,93629,,,
110030027,49208,,,
110035887,49159,,,
110038218,49887,,,
110039204,49225,,,
110039231,50216,,,
110039301,49960,,,
110039304,49911,,,
110039331,49479,,,
110039341,23135,,,
110039511,50874,,,
110039521,23149,,,
110039774,49691,,,
110039932,50812,,,
110039982,49347,,,
110039992,93111,,,
110040074,23219,,,
110040094,23896,,,
110042216,49263,,,
110043013,49511,,,
110044029,23406,,,
110044209,23455,,,
110044275,93181,,,
110044365,49906,,,
110044375,49168,,,
110044385,23338,,,
110044475,50803,,,
110044483,49939,,,
110044721,49647,,,
110044761,50880,,,
110044771,27303,,,
110045596,23717,,,
110045730,49284,,,
110045840,23147,,,
110046000,93439,,,
110046024,49789,,,
110046030,93194,,,
110046074,23469,,,
110047500,49790,,,
110047510,22630,,,
110047530,23328,,,
110047540,93226,,,
110049112,49927,,,
110049152,49575,,,
110049272,23500,,,
110049282,49157,,,
110049292,93429,,,
110049721,23408,,,
110049731,23995,,,
110049741,93109,,,
110052164,93180,,,
110052184,49659,,,
110052194,93141,,,
110053077,49491,,,
110053277,49625,,,
110053689,23886,,,
110053919,49526,,,
110053925,25207,,,
110054145,95470,,,
110054392,23446,,,
110054402,49945,,,
110054442,93114,,,
110054797,49242,,,
110054868,49273,,,
110055098,49885,,,
110055158,49464,,,
110057534,93374,,,
110057544,50848,,,
110058859,49419,,,
110059172,23497,,,
110059222,23448,,,
110059232,22915,,,
110059242,93217,,,
110059836,22624,,,
110059916,93166,,,
110059926,23699,,,
110059946,49127,,,
110059966,49401,,,
110060056,23621,,,
110063219,23656,,,
110063223,93150,,,
110063253,23533,,,
110063283,93607,,,
110063313,50214,,,
110063323,23266,,,
110063333,93290,,,
110063523,93355,,,
110063543,50871,,,
110063613,49638,,,
110065221,49562,,,
110065281,49867,,,
110065831,50215,,,
110066090,49302,,,
110066110,49771,,,
110066130,49285,,,
110066231,23326,,,
110067083,49150,,,
110069286,23860,,,
110069316,49376,,,
110069390,49231,,,
110069410,23957,,,
110072671,49410,,,
110072927,49001,,,
110072947,23361,,,
110072967,49601,,,
110074028,27405,,,
110075362,23843,,,
110075452,49192,,,
110075522,49948,,,
110075542,49459,,,
110075572,49478,,,
110075582,23136,,,
110076082,49672,,,
110076157,23482,,,
110078191,49796,,,
110078201,22628,,,
110078229,93348,,,
110078231,93340,,,
110078669,23522,,,
110078679,23477,,,
110079019,49893,,,
110079109,23794,,,
110079686,23503,,,
110080085,49603,,,
110081234,23618,,,
110081274,23487,,,
110081283,49682,,,
110081304,93447,,,
110081374,23877,,,
110081384,23664,,,
110082962,23553,,,
110082972,49292,,,
110083052,93275,,,
110083062,49420,,,
110083231,23403,,,
110083450,23657,,,
110083490,26204,,,
110083870,23247,,,
110083880,22920,,,
110083980,23462,,,
110084060,23710,,,
110085299,49663,,,
110085309,50827,,,
110085329,49690,,,
110087185,23858,,,
110087195,50672,,,
110087215,23423,,,
110090283,49356,,,
110090383,23638,,,
110090498,23402,,,
110090647,23518,,,
110090657,23465,,,
110090689,23501,,,
110090719,49652,,,
110091087,23759,,,
110091137,93108,,,
110093232,23543,,,
110093260,49864,,,
110093450,23692,,,
110093480,93363,,,
110095506,25201,,,
110095603,49609,,,
110095609,93139,,,
110095623,93397,,,
110095629,23752,,,
110096026,49409,,,
110096336,49644,,,
110097545,50854,,,
110097565,93247,,,
110099931,26212,,,
110100168,49697,,,
110100331,49283,,,
110100421,93480,,,
110100703,93369,,,
110100743,93176,,,
110100763,93143,,,
110102706,49232,,,
110102786,23734,,,
110105458,49577,,,
110105637,49913,,,
110105647,23698,,,
110105707,49462,,,
110110218,49791,,,
110110258,93669,,,
110110288,93199,,,
110110507,93157,,,
110110547,93380,,,
110110852,23929,,,
110111282,23401,,,
110111322,23682,,,
110111829,95221,,,
110112269,93170,,,
110113056,93313,,,
110114575,23839,,,
110114685,49357,,,
110114905,55322,,,
110114925,23226,,,
110114965,23894,,,
110117043,49583,,,
110117083,49570,,,
110117413,22923,,,
110117423,93207,,,
110117463,23694,,,
110117553,50849,,,
110117712,49453,,,
110117722,49649,,,
110117733,50878,,,
110117793,93327,,,
110117823,93190,,,
110117852,49182,,,
110117862,49221,,,
110118950,50213,,,
110118969,23899,,,
110118990,23938,,,
110119019,23425,,,
110119069,93331,,,
110119209,23286,,,
110119219,22929,,,
110119229,93220,,,
110119239,49997,,,
110119430,50671,,,
110119960,49366,,,
110121024,49914,,,
110121405,49786,,,
110122564,49766,,,
110124072,23755,,,
110124413,22633,,,
110124473,93696,,,
110124483,49465,,,
110124573,49505,,,
110126217,49765,,,
110126357,23862,,,
110126367,23353,,,
110126380,49244,,,
110126618,95220,,,
110126727,23552,,,
110127057,22637,,,
110127498,23891,,,
110127518,93168,,,
110129196,49760,,,
110129256,93189,,,
110129266,49602,,,
110129526,49683,,,
110129596,23369,,,
110130443,23254,,,
110130453,23484,,,
110130483,23825,,,
110130503,93213,,,
110133227,23824,,,
110133267,49227,,,
110133277,23395,,,
110134029,50884,,,
110134428,93144,,,
110134458,93208,,,
110134478,49296,,,
110135653,23662,,,
110135666,49965,,,
110135686,93476,,,
110135733,49724,,,
110135743,49675,,,
110135856,49186,,,
110136194,49938,,,
110136324,49165,,,
110136345,23438,,,
110136880,23466,,,
110136894,22963,,,
110136900,55400,,,
110138587,23325,,,
110140158,23650,,,
110141654,49899,,,
110142486,26203,,,
110143129,23689,,,
110145418,49783,,,
110145425,23357,,,
110145452,49470,,,
110145515,23633,,,
110146814,49698,,,
110147231,23716,,,
110148275,93686,,,
110148661,24201,,,
110148731,49622,,,
110148811,49241,,,
110148831,49658,,,
110151346,93324,,,
110153343,49481,,,
110153473,49477,,,
110153510,49696,,,
110153830,26228,,,
110153840,23429,,,
110153880,50845,,,
110153933,93314,,,
110153950,50810,,,
110153980,23795,,,
110155954,23993,,,
110156244,49568,,,
110158132,23619,,,
110158172,23101,,,
110159402,50862,,,
110160123,22937,,,
110160173,93148,,,
110160197,49172,,,
110160207,25208,,,
110160233,49312,,,
110160309,93307,,,
110160343,93273,,,
110160429,50818,,,
110160557,95472,,,
110160577,49452,,,
110160607,49642,,,
110160616,93995,,,
110160637,49107,,,
110160676,23959,,,
110160696,49471,,,
110160700,49621,,,
110160760,23511,,,
110162148,49544,,,
110162188,23859,,,
110162198,23352,,,
110162315,49013,,,
110162335,23470,,,
110162388,49890,,,
110162395,23890,,,
110162445,23992,,,
110162458,25210,,,
110162475,49605,,,
110162548,49096,,,
110162578,49313,,,
110163501,23449,,,
110163511,22626,,,
110164186,23695,,,
110164211,23652,,,
110164266,23505,,,
110164291,49722,,,
110164566,93248,,,
110164646,23314,,,
110166543,23554,,,
110167057,49891,,,
110167157,49714,,,
110167167,23269,,,
110167277,93210,,,
110169048,23220,,,
110169058,93302,,,
110169198,49775,,,
110169238,49720,,,
110169784,50240,,,
110169794,93228,,,
110169854,50811,,,
110174331,25206,,,
110174612,93370,,,
110174642,22755,,,
110174662,49386,,,
110174889,49772,,,
110175259,23400,,,
110175474,22616,,,
110175498,49189,,,
110175504,23490,,,
110175508,93145,,,
110175630,49640,,,
110176985,23327,,,
110177075,49461,,,
110177105,49643,,,
110177686,23331,,,
110178904,49758,,,
110179356,49046,,,
110179476,93660,,,
110180289,23895,,,
110180402,49163,,,
110180412,93187,,,
110181837,23471,,,
110182535,93485,,,
110183671,93395,,,
110183691,50219,,,
110183871,93450,,,
110184343,23297,,,
110184353,93316,,,
110184408,49563,,,
110184428,23224,,,
110184438,23897,,,
110184949,49240,,,
110184959,23283,,,
110185130,23967,,,
110185242,49770,,,
110185252,23771,,,
110185262,23874,,,
110187425,93466,,,
110188150,23350,,,
110188160,93360,,,
110188420,49170,,,
110188454,22629,,,
110188514,49686,,,
110188644,93163,,,
110188684,23750,,,
110193789,23643,,,
110193849,49552,,,
110193899,49931,,,
110193978,23411,,,
110193988,93351,,,
110194069,93379,,,
110194236,23655,,,
110194246,93192,,,
110194362,49130,,,
110194376,93383,,,
110194506,23770,,,
110194507,23143,,,
110194527,93462,,,
110194906,49782,,,
110194946,23521,,,
110194996,93268,,,
110197118,23298,,,
110197121,23351,,,
110197155,49530,,,
110197165,23867,,,
110197308,49657,,,
110197318,49404,,,
110197351,23742,,,
110197361,95476,,,
110197401,23767,,,
110199553,49342,,,
110200276,93684,,,
110200296,23483,,,
110200366,49706,,,
110200376,49607,,,
110200943,50220,,,
110201000,23532,,,
110201013,25202,,,
110201020,23268,,,
110202320,23535,,,
110202330,49877,,,
110202340,93238,,,
110202360,22765,,,
110202420,49571,,,
110202430,93392,,,
110202634,23807,,,
110202751,50838,,,
110202824,23908,,,
110202874,93130,,,
110202894,93198,,,
110207029,49262,,,
110207089,49679,,,
110207099,93312,,,
110207219,49322,,,
110207269,55320,,,
110207397,49984,,,
110207782,93385,,,
110207822,93420,,,
110207832,49498,,,
110207922,49900,,,
110207932,23690,,,
110208012,50801,,,
110208817,49365,,,
110208837,49962,,,
110208867,93475,,,
110208967,23495,,,
110208987,23416,,,
110210295,26214,,,
110210305,93288,,,
110211238,23892,,,
110211348,49705,,,
110211478,49250,,,
110212074,49977,,,
110212084,23702,,,
110212114,49898,,,
110212134,93663,,,
110213189,49582,,,
110213199,93391,,,
110214346,49029,,,
110214476,23329,,,
110214803,49600,,,
110214911,23985,,,
110214971,49534,,,
110214981,49132,,,
110215051,23296,,,
110215243,49849,,,
110215253,93241,,,
110215263,93167,,,
110216195,49762,,,
110216215,23772,,,
110216245,23170,,,
110216580,50870,,,
110216769,93430,,,
110216820,50877,,,
110216940,93214,,,
110217350,49886,,,
110217370,23542,,,
110217372,93437,,,
110219835,49862,,,
110219845,49596,,,
110220403,49780,,,
110220423,23898,,,
110220453,93260,,,
110222394,49987,,,
110222414,23513,,,
110222424,49161,,,
110222434,93402,,,
110222534,49325,,,
110222544,23705,,,
110222574,49693,,,
110223027,93287,,,
110223057,49406,,,
110223207,23868,,,
110223217,23382,,,
110223237,93258,,,
110225563,23996,,,
110225988,23758,,,
110226018,23489,,,
110226282,49258,,,
110226292,50806,,,
110226302,93376,,,
110226422,49990,,,
110227311,23253,,,
110227501,27503,,,
110227511,49243,,,
110227531,49527,,,
110228166,23817,,,
110228196,93608,,,
110228336,93418,,,
110228466,23982,,,
110228496,26202,,,
110228516,49327,,,
110228566,23145,,,
110228586,49438,,,
110228807,93304,,,
110228817,50601,,,
110228855,93350,,,
110228875,49573,,,
110229055,23355,,,
110232068,49875,,,
110232078,93237,,,
110232088,49429,,,
110234027,23844,,,
110234047,49191,,,
110234057,23414,,,
110234363,49446,,,
110234436,23893,,,
110234446,93465,,,
110234466,23410,,,
110234503,49197,,,
110234513,50303,,,
110235990,22959,,,
110236020,49179,,,
110236070,50824,,,
110236100,23313,,,
110236110,93398,,,
110236220,23142,,,
110236250,55323,,,
110236260,23984,,,
110237294,23696,,,
110237314,23348,,,
110237364,93122,,,
110237418,49580,,,
110237554,22962,,,
110237584,46125,,,
110237664,93274,,,
110237674,93151,,,
110238056,93988,,,
110238066,49501,,,
110239809,49260,,,
110239859,49669,,,
110239879,93104,,,
110239889,49308,,,
110239929,49500,,,
110239982,49071,,,
110240202,49033,,,
110240272,93227,,,
110240302,23248,,,
110240312,49732,,,
110240392,93134,,,
110242885,23697,,,
110243307,49763,,,
110243397,93661,,,
110246104,22832,,,
110246514,49537,,,
110246544,23359,,,
110246574,93142,,,
110246658,23836,,,
110246666,49195,,,
110246676,23367,,,
110246698,23937,,,
110246776,23939,,,
110246781,49265,,,
110246971,23437,,,
110247682,22922,,,
110247689,49532,,,
110248193,23684,,,
110248543,93611,,,
110249359,23290,,,
110249369,49382,,,
110249470,49523,,,
110249530,23137,,,
110249550,24208,,,
110249560,23251,,,
110249620,49694,,,
110249640,22927,,,
110249660,23362,,,
110252355,49494,,,
110254433,23875,,,
110255120,22622,,,
110255200,23289,,,
110257107,49293,,,
110257237,50821,,,
110257357,93989,,,
110257457,93381,,,
110257774,23651,,,
110257794,23240,,,
110257844,23506,,,
110257953,22928,,,
110258044,49664,,,
110258890,23744,,,
110258900,50875,,,
110259719,23951,,,
110259739,23310,,,
110259796,93378,,,
110259799,49143,,,
110259806,49483,,,
110259816,49734,,,
110259849,23343,,,
110259856,49985,,,
110259869,93249,,,
110260076,93419,,,
110260096,23447,,,
110260106,46201,,,
110260136,93613,,,
110260146,50833,,,
110260528,25204,,,
110260578,23749,,,
110260588,93250,,,
110260778,46249,,,
110260818,23232,,,
110261091,93224,,,
110262505,23748,,,
110262515,23634,,,
110262605,23233,,,
110262625,93328,,,
110262635,49020,,,
110263357,49868,,,
110263367,49929,,,
110266428,49318,,,
110266478,23315,,,
110266488,49932,,,
110266933,50888,,,
110267063,23622,,,
110268066,49597,,,
110269851,23620,,,
110269861,23234,,,
110269968,55321,,,
110270251,49261,,,
110270291,49126,,,
110271424,93642,,,
110271454,49222,,,
110271734,49785,,,
110271784,23537,,,
110271814,93202,,,
110271844,22621,,,
110271894,93694,,,
110271904,49463,,,
110272812,24209,,,
110272822,49632,,,
110272902,49695,,,
110273659,49995,,,
110273739,93626,,,
110273759,49340,,,
110273849,49637,,,
110273899,50668,,,
110274029,22756,,,
110274049,93161,,,
110275995,22623,,,
110276055,93129,,,
110276135,23751,,,
110278878,93231,,,
110279028,49264,,,
110279078,23950,,,
110279088,23312,,,
110280026,23624,,,
110280293,23340,,,
110280333,93687,,,
110280343,50802,,,
110280483,23378,,,
110280523,49978,,,
110280533,93993,,,
110280543,93382,,,
110280544,49367,,,
110280554,49661,,,
110280583,23954,,,
110280593,49499,,,
110281440,27403,,,
110281500,93223,,,
110281584,24203,,,
110281614,49610,,,
110281862,49110,,,
110281951,49916,,,
110281961,22640,,,
110282999,49806,,,
110283089,50879,,,
110285725,23346,,,
110286285,49979,,,
110286295,23721,,,
110286325,93421,,,
110286335,23316,,,
110287843,23740,,,
110287873,23130,,,
110287883,49102,,,
110288640,49156,,,
110289543,49730,,,
110290057,49805,,,
110290247,50842,,,
110290290,23747,,,
110290297,23405,,,
110290300,93641,,,
110290307,23818,,,
110290337,49082,,,
110290387,93649,,,
110290397,23138,,,
110291828,23713,,,
110292008,50669,,,
110292018,23823,,,
110292098,23293,,,
110292108,49383,,,
110292304,49338,,,
110292324,23413,,,
110292334,23994,,,
110292384,93244,,,
110293182,23433,,,
110293192,93602,,,
110293222,49431,,,
110293312,50604,,,
110293706,23969,,,
110295059,93622,,,
110295079,93695,,,
110295089,49466,,,
110295931,22926,,,
110295971,93664,,,
110296241,93685,,,
110296281,23420,,,
110296371,23380,,,
110296381,50603,,,
110296421,49369,,,
110296431,93417,,,
110296441,23271,,,
110296451,93105,,,
110296975,49994,,,
110296995,23966,,,
110297005,49323,,,
110297035,49112,,,
110297195,23909,,,
110297247,49759,,,
110297315,22619,,,
110299077,23691,,,
110299097,50836,,,
110299718,26227,,,
110299758,26201,,,
110300360,49835,,,
110300490,49629,,,
110303006,49800,,,
110303666,93487,,,
110305251,49631,,,
110306171,49528,,,
110306191,93625,,,
110307512,23146,,,
110307742,23559,,,
110307892,23223,,,
110307912,93222,,,
110308927,23257,,,
110308939,50202,,,
110308949,93496,,,
110309159,49894,,,
110310604,93393,,,
110310724,93204,,,
110310754,93372,,,
110311655,50859,,,
110311975,49117,,,
110312015,49440,,,
110312308,23948,,,
110313343,27402,,,
110314120,23623,,,
110314250,95477,,,
110314254,50869,,,
110314290,49360,,,
110314300,93164,,,
110314314,22757,,,
110314344,93126,,,
110314380,49998,,,
110314666,93326,,,
110314746,49368,,,
110316352,23476,,,
110316481,49795,,,
110316491,50210,,,
110316541,49057,,,
110316571,23109,,,
110316581,23273,,,
110316591,49444,,,
110316631,49592,,,
110317162,49627,,,
110318679,93407,,,
110320295,49194,,,
110320315,93691,,,
110320335,49469,,,
110321135,49992,,,
110321195,23945,,,
110322013,23258,,,
110322453,49123,,,
110322787,49803,,,
110322817,49733,,,
110322927,23451,,,
110323007,23663,,,
110323047,23426,,,
110323140,49895,,,
110323210,23774,,,
110323240,49339,,,
110323640,49162,,,
110325518,23480,,,
110325558,23238,,,
110325578,93603,,,
110325808,93486,,,
110327742,93136,,,
110327802,49421,,,
110329576,23876,,,
110329676,23753,,,
110329916,23229,,,
110329946,23889,,,
110329956,23976,,,
110329966,23943,,,
110330006,93123,,,
110330016,49004,,,
110330619,23693,,,
110332105,23450,,,
110332145,93219,,,
110332155,49666,,,
110332357,23941,,,
110334023,93165,,,
110334043,93427,,,
110334073,23468,,,
110335040,49418,,,
110335070,93138,,,
110335130,23301,,,
110335241,23485,,,
110335251,49779,,,
110335411,23225,,,
110335421,93301,,,
110335471,49209,,,
110335711,22768,,,
110335741,23279,,,
110335751,93128,,,
110338104,50302,,,
110338164,49710,,,
110338184,49624,,,
110338466,49918,,,
110338714,23822,,,
110338814,93399,,,
110338934,49598,,,
110339244,23228,,,
110339396,49903,,,
110339416,22614,,,
110339911,93435,,,
110340924,93209,,,
110340934,93488,,,
110340964,93425,,,
110340984,93218,,,
110343647,49700,,,
110346992,49930,,,
110347112,23947,,,
110347188,23252,,,
110347198,49729,,,
110347298,23612,,,
110347318,49239,,,
110347723,49230,,,
110348740,93155,,,
110348790,22764,,,
110348810,93277,,,
110348830,93160,,,
110349029,22639,,,
110349100,93322,,,
110349140,49636,,,
110349170,50670,,,
110349179,93483,,,
110349190,22618,,,
110349219,26207,,,
110349379,23492,,,
110349466,23264,,,
110349546,22951,,,
110349556,22766,,,
110349586,49276,,,
110349606,93131,,,
110350424,23249,,,
110350464,23499,,,
110350484,93492,,,
110350882,23879,,,
110350965,23396,,,
110350985,49451,,,
110351235,50863,,,
110353459,46113,,,
110353499,93679,,,
110353529,93154,,,
110354339,49917,,,
110354349,23613,,,
110354369,49952,,,
110355055,49201,,,
110355095,22924,,,
110355125,93665,,,
110355865,49924,,,
110355895,49662,,,
110356413,49352,,,
110356483,49703,,,
110357383,50815,,,
110357390,50605,,,
110358370,23971,,,
110359024,93479,,,
110361378,50813,,,
110361448,49188,,,
110361718,23700,,,
110361738,93482,,,
110361818,93408,,,
110363444,50805,,,
110363871,93445,,,
110364244,49533,,,
110364251,49957,,,
110364261,50223,,,
110364271,93230,,,
110364321,93657,,,
110364324,93394,,,
110364374,23761,,,
110366937,93124,,,
110368116,49767,,,
110368196,49445,,,
110368386,49792,,,
110368880,23336,,,
110368890,49031,,,
110368960,93690,,,
110370228,50841,,,
110370338,49291,,,
110371098,49300,,,
110371108,23349,,,
110371148,93121,,,
110373126,50222,,,
110373156,49701,,,
110375022,93197,,,
110375052,23419,,,
110375541,49773,,,
110375672,23263,,,
110375692,23494,,,
110375721,23880,,,
110375761,23389,,,
110375802,49502,,,
110375861,93656,,,
110376062,49905,,,
110376122,93477,,,
110376889,49742,,,
110377467,93103,,,
110377477,49907,,,
110377639,23870,,,
110377649,23373,,,
110378019,49135,,,
110378844,93998,,,
110378985,50206,,,
110378995,93305,,,
110379064,93456,,,
110379094,23808,,,
110379104,49991,,,
110379114,23276,,,
110379204,49988,,,
110379715,93390,,,
110379725,49218,,,
110379735,50212,,,
110379765,49351,,,
110379795,93614,,,
110380005,23128,,,
110380085,93243,,,
110380125,23386,,,
110381485,22767,,,
110381495,49846,,,
110381505,23272,,,
110381515,93125,,,
110381988,93235,,,
110381998,49704,,,
110383791,93156,,,
110383811,49128,,,
110386273,49229,,,
110386453,23243,,,
110386653,23878,,,
110386842,93215,,,
110387540,93229,,,
110387590,23422,,,
110387600,50205,,,
110387830,23464,,,
110387840,93655,,,
110388571,23741,,,
110388601,49711,,,
110388889,23256,,,
110389461,49028,,,
110390143,50241,,,
110390163,23956,,,
110390595,49928,,,
110390665,49217,,,
110390833,50602,,,
110391860,23760,,,
110392430,93135,,,
110392440,22644,,,
110392480,50832,,,
110395222,49781,,,
110395232,49345,,,
110395262,23517,,,
110395272,23473,,,
110395292,50899,,,
110395302,23975,,,
110396136,93470,,,
110396277,49246,,,
110396297,23479,,,
110396586,23165,,,
110396636,23285,,,
110396646,50886,,,
110396707,49506,,,
110396906,49715,,,
110396936,24204,,,
110396976,49678,,,
110397149,25209,,,
110398706,93364,,,
110398765,23631,,,
110398855,49718,,,
110398865,49676,,,
110400322,49961,,,
110400448,23644,,,
110400468,49892,,,
110400748,49118,,,
110400848,23871,,,
110400888,23376,,,
110400948,49650,,,
110401389,49569,,,
110401399,23865,,,
110402079,23393,,,
110403491,49739,,,
110403721,22834,,,
110403741,23311,,,
110403755,23493,,,
110403765,49178,,,
110403925,49295,,,
110403965,93403,,,
110405698,49915,,,
110405708,23332,,,
110405728,93623,,,
110405768,50800,,,
110408286,49245,,,
110408456,49878,,,
110414093,93171,,,
110414103,49909,,,
110414133,49520,,,
110414163,23519,,,
110414183,93484,,,
110414620,46990,,,
110414833,50204,,,
110414883,23833,,,
110414903,49843,,,
110414913,49257,,,
110415002,49492,,,
110415023,49926,,,
110415043,50807,,,
110415052,49630,,,
110415463,23421,,,
110415483,49378,,,
110415523,49713,,,
110415810,49784,,,
110415840,49519,,,
110415860,23478,,,
110415920,93448,,,
110416096,49228,,,
110416709,22625,,,
110416929,93368,,,
110416949,23260,,,
110416959,23347,,,
110416969,93257,,,
110417283,93246,,,
110417550,50860,,,
110417560,93152,,,
110417570,50883,,,
110418325,23831,,,
110418345,93232,,,
110418445,49272,,,
110418465,49350,,,
110420516,22627,,,
110421336,93206,,,
110421366,49566,,,
110424157,49226,,,
110424297,49677,,,
110424777,22918,,,
110424877,23363,,,
110426740,23397,,,
110426757,50864,,,
110426940,49320,,,
110428058,49426,,,
110428498,22635,,,
110428568,23739,,,
110428698,23864,,,
110429048,23152,,,
110430758,50217,,,
110430808,49668,,,
110434660,23556,,,
110434670,50260,,,
110434926,23133,,,
110434946,55324,,,
110434956,93458,,,
110435126,23428,,,
110435176,49294,,,
110435226,49315,,,
110435236,23773,,,
110435256,93627,,,
110439210,50882,,,
110439220,23388,,,
110439230,49897,,,
110439240,23317,,,
110439250,93259,,,
110441033,23475,,,
110441073,23936,,,
110441103,23287,,,
110441113,49836,,,
110441143,23681,,,
110444707,93236,,,
110444717,23387,,,
110449358,49743,,,
110449787,23846,,,
110449837,93306,,,
110449857,49211,,,
110453700,49574,,,
110453750,49564,,,
110453920,23368,,,
110453980,93992,,,
110454983,50224,,,
110455128,49774,,,
110455198,49980,,,
110455248,49504,,,
110455293,49372,,,
110455353,49439,,,
110464137,23629,,,
110464147,49567,,,
110464157,23241,,,
110464187,93329,,,
110469608,49210,,,
112529854,93444,,,
112532574,49319,,,
112538111,50304,,,
112538121,49220,,,
112542424,23677,,,
112552645,50837,,,
112555651,49641,,,
112559392,49058,,,
112561275,23581,,,
112563732,49151,,,
112563742,23139,,,
112565102,23288,,,
112567594,23573,,,
112571054,49203,,,
112573154,49171,,,
112575152,93404,,,
112576801,49173,,,
112579212,49904,,,
112580506,93377,,,
112580646,49375,,,
112581275,49964,,,
112582175,23404,,,
112582316,93211,,,
112584256,23735,,,
112584876,49719,,,
112590739,23849,,,
112592449,23635,,,
112597429,23222,,,
112597689,23882,,,
112599329,23292,,,
112604582,23227,,,
112605392,23884,,,
112609774,23295,,,
112609914,23632,,,
112616651,49484,,,
112616669,93616,,,
112616897,26205,,,
112616907,24205,,,
112618167,23520,,,
112618177,49628,,,
112618807,49726,,,
112619530,22960,,,
112620597,23630,,,
112620677,93193,,,
112620697,23544,,,
112622838,23335,,,
112626548,49187,,,
112626638,23246,,,
112626958,49497,,,
112627028,93689,,,
112627056,23385,,,
112627246,49745,,,
112627438,23636,,,
112630303,22833,,,
112630914,23275,,,
112633090,49233,,,
112634973,49059,,,
112635333,23381,,,
112635673,49122,,,
112636873,49651,,,
112636883,49449,,,
112636943,49448,,,
112637668,23221,,,
112639097,49986,,,
112641878,23845,,,
112643361,49411,,,
112644077,23578,,,
112644991,23366,,,
112645509,49388,,,
112647210,49268,,,
112652920,49555,,,
112654424,49507,,,
112654663,49744,,,
112656234,49412,,,
112656394,23949,,,
112659191,23649,,,
112668755,23294,,,
112669325,49349,,,
112672465,23979,,,
112677025,49103,,,
112677857,93200,,,
112681561,23320,,,
112682252,93279,,,
112682940,50809,,,
112684316,49490,,,
112686502,49702,,,
112697342,50904,,,
112702191,49996,,,
112704280,93361,,,
112705890,49136,,,
112705993,49379,,,
112707100,23819,,,
112707110,23927,,,
112708736,93107,,,
112709844,93344,,,
112710047,23134,,,
112710928,49556,,,
112715101,95471,,,
112715344,49512,,,
112716035,49653,,,
112716464,93601,,,
112717593,93671,,,
112719741,23834,,,
112719999,49863,,,
112720743,23508,,,
112722241,49146,,,
112724700,93321,,,
112724710,49971,,,
112724830,23821,,,
112724840,49879,,,
112725167,49142,,,
112726983,49626,,,
112727700,23265,,,
112727710,23972,,,
112729180,93300,,,
112729470,93628,,,
112732500,49559,,,
112735072,49873,,,
112735974,49343,,,
112740314,49083,,,
112741482,23534,,,
112741492,49612,,,
112742676,93233,,,
112742827,23344,,,
112743300,23255,,,
112743350,23491,,,
112743620,23837,,,
112744471,49467,,,
112745372,93153,,,
112749101,49667,,,
112750798,23467,,,
112752372,50829,,,
112752882,23318,,,
112763326,23345,,,
112763826,49371,,,
112764077,49709,,,
112765407,23920,,,
112767086,22917,,,
112767232,23551,,,
112767292,49619,,,
112771962,22641,,,
112774185,93615,,,
112778357,23763,,,
112783020,93349,,,
112783120,93188,,,
112784313,49139,,,
112786728,49145,,,
112788543,49852,,,
112790673,49842,,,
112790725,22636,,,
112791182,50211,,,
112791785,49769,,,
112792100,49981,,,
112794066,23144,,,
112795431,23861,,,
112797934,93311,,,
112799873,23558,,,
112802110,23302,,,
112806257,50301,,,
112806451,93352,,,
112806603,22642,,,
112807518,49866,,,
112808067,93342,,,
112808327,27301,,,
112810617,93436,,,
112811028,93110,,,
112811140,49941,,,
112812226,23888,,,
112813957,23977,,,
112815502,49184,,,
112815762,50225,,,
112823593,49038,,,
112823603,23869,,,
112826487,49153,,,
112827939,49850,,,
112828850,93234,,,
112829813,23812,,,
112830133,49593,,,
112830363,49400,,,
112832520,49458,,,
112832730,93323,,,
112837968,49432,,,
112838135,49085,,,
112840849,49000,,,
112840952,49699,,,
112843844,23394,,,
112848376,23354,,,
112848496,95473,,,
112849306,49623,,,
112853124,93688,,,
112853830,49185,,,
112854568,23881,,,
112859582,49884,,,
112860361,93431,,,
112860735,23457,,,
112861085,49353,,,
112862696,49839,,,
112865685,49442,,,
112867313,49333,,,
112867370,49326,,,
112869660,49514,,,
112869742,49768,,,
112869762,23704,,,
112870539,49578,,,
112872461,23132,,,
112873111,22916,,,
112873256,93678,,,
112873504,49554,,,
112878740,49160,,,
112879479,93225,,,
112886959,93292,,,
112889821,23685,,,
112890587,23356,,,
112893477,50203,,,
112893987,22760,,,
112894098,49473,,,
112894227,93127,,,
112894317,49422,,,
112895013,93681,,,
112896115,93177,,,
112897395,23866,,,
112898295,49321,,,
112901207,49114,,,
112901258,49447,,,
112901737,49310,,,
112903024,49547,,,
112903034,23863,,,
112903057,93396,,,
112906388,50221,,,
112908417,49196,,,
112910053,49200,,,
112910473,27401,,,
112915187,23531,,,
112915605,49109,,,
112918280,50209,,,
112918550,50844,,,
112921483,23171,,,
112922157,23799,,,
112924210,49202,,,
112926150,49111,,,
112926290,22758,,,
112926430,49311,,,
112945237,49896,,,
112947248,23496,,,
112947358,23453,,,
112948718,23407,,,
112954417,49472,,,
112955610,49716,,,
112962087,49999,,,
112970933,93276,,,
112971013,49113,,,
112971273,49309,,,
112994823,49266,,,
112997648,93999,,,
114870524,23085,,,
114871711,49536,,,
114872881,51634,,,
114874321,49054,,,
114875154,49043,,,
114897901,51733,,,
114899114,51158,,,
114904462,23112,,,
114906411,51401,,,
114907432,23708,,,
114909075,51871,,,
114917476,23200,,,
114928185,23173,,,
114936311,51977,,,
114936597,49079,,,
114937887,23010,,,
114938177,23282,,,
114938447,49712,,,
114949370,51244,,,
114949390,23058,,,
114949470,51980,,,
114951704,51951,,,
114952916,23011,,,
114954065,23052,,,
114954672,49026,,,
114956391,23211,,,
114956515,23195,,,
114962457,23015,,,
114962954,51855,,,
114963703,49749,,,
114965731,49106,,,
114968324,49752,,,
114974559,49834,,,
114974641,23526,,,
114975201,23005,,,
114976380,49010,,,
114976860,23002,,,
114978327,23004,,,
114978881,23204,,,
114980211,23043,,,
114981988,23083,,,
114982613,51920,,,
114984997,23322,,,
114991003,49754,,,
114991993,49030,,,
114992494,51316,,,
114994319,51910,,,
114997581,51685,,,
114997888,51955,,,
115000095,51589,,,
115001870,51786,,,
115005089,51886,,,
115005828,51894,,,
115010553,23007,,,
115014488,49837,,,
115014905,51202,,,
115016120,51201,,,
115016220,23098,,,
115016974,23006,,,
115017942,23194,,,
115022922,51615,,,
115022972,23334,,,
115024668,49070,,,
115024784,23306,,,
115025560,49811,,,
115025906,51387,,,
115027149,49099,,,
115032012,51349,,,
115034716,51280,,,
115036821,49812,,,
115039375,51455,,,
115040012,49074,,,
115040207,51964,,,
115041481,51262,,,
115041621,23000,,,
115042362,51851,,,
115045299,51500,,,
115045572,50275,,,
115046255,51970,,,
115046811,23009,,,
115050132,51998,,,
115053945,23209,,,
115061347,50274,,,
115063156,23060,,,
115067778,23199,,,
115068615,51711,,,
115069078,51081,,,
115069490,23121,,,
115070177,23303,,,
115070436,23549,,,
115074126,51650,,,
115076847,51981,,,
115078649,50273,,,
115084243,51950,,,
115086414,49844,,,
115087692,23309,,,
115088147,49022,,,
115088546,23012,,,
115091055,23097,,,
115091349,49753,,,
115091399,50905,,,
115091554,23067,,,
115094246,23703,,,
115097168,23719,,,
115097508,51917,,,
115100832,51801,,,
115117485,49832,,,
115118318,51187,,,
115126863,23178,,,
115129099,23030,,,
115131480,23281,,,
115132069,39223,,,
115139653,49833,,,
115147043,23179,,,
115155487,51125,,,
115159258,23084,,,
115160907,23660,,,
115175288,23718,,,
115187508,49035,,,
115188803,51990,,,
115188873,51874,,,
115198338,23168,,,
115253281,24061,,,
115254721,24461,,,
115255451,51466,,,
115256121,24048,,,
115256984,51371,,,
115258094,24320,,,
115258171,51890,,,
115258944,51340,,,
115259404,50451,,,
115259944,50760,,,
115260211,51197,,,
115260374,24490,,,
115260641,24851,,,
115260881,51328,,,
115261814,50610,,,
115262104,50330,,,
115262141,24467,,,
115264344,51994,,,
115265011,50287,,,
115265384,24072,,,
115265794,51077,,,
115265944,50298,,,
115267061,51267,,,
115267824,24075,,,
115268281,50290,,,
115268434,50617,,,
115268454,51601,,,
115269901,50770,,,
115270431,24521,,,
115270881,51844,,,
115271821,24111,,,
115271911,51171,,,
115272191,24535,,,
115273061,24026,,,
115275231,51168,,,
115277814,51789,,,
115278491,51250,,,
115279514,51140,,,
115280111,51528,,,
115280901,24501,,,
115281124,51526,,,
115281264,24990,,,
115285954,51646,,,
115286614,51697,,,
115286761,51903,,,
115287884,50910,,,
115288211,24098,,,
115288771,51841,,,
115289702,51131,,,
115290141,50323,,,
115290172,51078,,,
115290802,51113,,,
115290894,50651,,,
115291901,51734,,,
115292025,24168,,,
115292394,50431,,,
115292514,24420,,,
115293091,51440,,,
115293112,51237,,,
115294492,51188,,,
115294984,51587,,,
115295084,51213,,,
115295644,24110,,,
115295782,51372,,,
115295844,51819,,,
115295931,51460,,,
115296271,51804,,,
115296491,24177,,,
115298574,51191,,,
115298825,51072,,,
115299085,24381,,,
115300325,51664,,,
115300429,24536,,,
115300435,50796,,,
115301099,24317,,,
115301102,51138,,,
115301481,24193,,,
115301501,51472,,,
115301519,51393,,,
115301715,51572,,,
115301862,24084,,,
115302301,50309,,,
115302496,51199,,,
115302624,24950,,,
115302645,24893,,,
115302726,24438,,,
115303852,51412,,,
115303919,24227,,,
115304032,50785,,,
115304301,24427,,,
115305149,50799,,,
115305502,24042,,,
115305734,49935,,,
115305986,51887,,,
115306136,24880,,,
115306554,51753,,,
115306564,51127,,,
115306656,24049,,,
115307262,24022,,,
115307329,51445,,,
115308329,51108,,,
115308414,24407,,,
115308541,24198,,,
115308559,51895,,,
115308829,24187,,,
115309089,51991,,,
115309191,24137,,,
115309314,24183,,,
115309929,51709,,,
115310195,24170,,,
115310629,51193,,,
115311022,51532,,,
115311324,51260,,,
115312159,51333,,,
115312254,24767,,,
115312336,51512,,,
115312594,50120,,,
115312662,51452,,,
115312795,51451,,,
115313032,51149,,,
115313214,50721,,,
115313455,51274,,,
115313634,51739,,,
115313642,51058,,,
115313771,24978,,,
115313919,51433,,,
115314079,51972,,,
115314084,50664,,,
115314285,51788,,,
115314301,24230,,,
115314952,50430,,,
115315942,24441,,,
115316791,51610,,,
115317074,50160,,,
115317376,51888,,,
115317451,50761,,,
115317584,51868,,,
115317725,24397,,,
115317851,24314,,,
115317912,50741,,,
115318049,24321,,,
115318176,51160,,,
115318292,51458,,,
115318475,51845,,,
115318715,50510,,,
115318729,24045,,,
115318817,50138,,,
115319092,24980,,,
115319215,51699,,,
115319556,24081,,,
115319617,50740,,,
115319814,51422,,,
115320355,49735,,,
115320824,51830,,,
115320857,24086,,,
115320944,24150,,,
115320986,24977,,,
115321386,51744,,,
115321514,51089,,,
115321632,51934,,,
115321675,51762,,,
115322022,50200,,,
115322589,50690,,,
115322672,51892,,,
115323389,50381,,,
115323469,51644,,,
115323515,50715,,,
115323567,51128,,,
115323736,50340,,,
115324459,24405,,,
115324529,24140,,,
115324692,51692,,,
115325179,24481,,,
115325325,50429,,,
115325375,51814,,,
115325712,51746,,,
115326886,24071,,,
115326946,51155,,,
115326962,50797,,,
115327226,24437,,,
115328909,51167,,,
115329737,50391,,,
115329919,24460,,,
115330995,51161,,,
115331519,50445,,,
115331552,24090,,,
115331892,51881,,,
115332106,50416,,,
115332537,50390,,,
115332596,51287,,,
115333036,51381,,,
115333067,24094,,,
115333129,51301,,,
115333285,51240,,,
115333332,50598,,,
115333409,51053,,,
115333539,51957,,,
115333762,24468,,,
115334095,24041,,,
115334136,24157,,,
115334819,51183,,,
115335007,51373,,,
115335199,24487,,,
115335640,51571,,,
115335765,24417,,,
115336125,51313,,,
115336162,50407,,,
115336197,51297,,,
115336975,51953,,,
115337302,24213,,,
115337972,51586,,,
115338009,50415,,,
115339177,51891,,,
115339276,24036,,,
115339377,50575,,,
115340060,24131,,,
115340615,51861,,,
115340882,24338,,,
115341156,24580,,,
115341260,51180,,,
115341479,24178,,,
115341530,51397,,,
115341547,49738,,,
115342126,51052,,,
115342662,51133,,,
115342690,51749,,,
115343227,51961,,,
115343599,24025,,,
115343762,51000,,,
115343866,51975,,,
115344245,50793,,,
115344689,51057,,,
115345449,51281,,,
115345452,24428,,,
115345767,51947,,,
115346182,24491,,,
115346337,51151,,,
115346629,51570,,,
115346806,51091,,,
115347137,24581,,,
115347333,51118,,,
115347335,51465,,,
115347683,24473,,,
115348007,24089,,,
115348252,24117,,,
115348409,24440,,,
115348413,50500,,,
115348435,24360,,,
115348725,50176,,,
115349091,51848,,,
115349273,51181,,,
115349331,24130,,,
115349680,50317,,,
115349740,24065,,,
115349826,51821,,,
115349940,50909,,,
115350014,24541,,,
115350023,51416,,,
115350085,51090,,,
115350285,24471,,,
115350379,50288,,,
115350543,51098,,,
115350700,50708,,,
115350716,50709,,,
115350734,24066,,,
115350803,49298,,,
115350947,24095,,,
115350970,51544,,,
115351023,50400,,,
115351295,24930,,,
115351523,51394,,,
115351529,50480,,,
115351557,51441,,,
115351836,50750,,,
115351895,50408,,,
115351939,24587,,,
115352219,51166,,,
115352402,50137,,,
115352592,51738,,,
115352920,51173,,,
115352950,50402,,,
115353231,51097,,,
115353306,24979,,,
115353330,24118,,,
115353407,51153,,,
115353624,23188,,,
115353665,24500,,,
115353783,50350,,,
115354185,24190,,,
115354500,24380,,,
115354956,51962,,,
115355445,24540,,,
115355529,24035,,,
115355717,24931,,,
115355775,51398,,,
115355920,51503,,,
115356375,50360,,,
115356474,24151,,,
115356629,24510,,,
115356645,51619,,,
115356911,49034,,,
115356943,24083,,,
115357274,24059,,,
115357496,51536,,,
115357509,49297,,,
115357589,51137,,,
115357853,50297,,,
115358226,51652,,,
115359083,50781,,,
115359084,24021,,,
115359293,51427,,,
115359457,24401,,,
115359670,51178,,,
115359929,51251,,,
115360537,51943,,,
115360804,51392,,,
115360917,23013,,,
115361113,24060,,,
115361146,24411,,,
115361197,51060,,,
115361416,50616,,,
115361449,51308,,,
115361544,51537,,,
115361709,24050,,,
115361904,50730,,,
115362120,50465,,,
115362494,51070,,,
115362740,50291,,,
115362936,50433,,,
115363106,51906,,,
115363490,24511,,,
115363929,51988,,,
115363946,24497,,,
115364147,24046,,,
115364416,51581,,,
115364516,51200,,,
115364709,51329,,,
115364777,24171,,,
115364970,24044,,,
115365578,51540,,,
115365590,51217,,,
115365666,24015,,,
115365807,24078,,,
115365880,24469,,,
115366270,51453,,,
115366647,50798,,,
115366758,51944,,,
115367228,50487,,,
115367786,51558,,,
115368018,51878,,,
115368428,24850,,,
115368810,51706,,,
115369603,24512,,,
115369710,24082,,,
115370043,51912,,,
115370447,50687,,,
115370747,50531,,,
115371283,24113,,,
115372370,50450,,,
115372520,51687,,,
115372533,51399,,,
115373710,24894,,,
115374073,24898,,,
115374080,49051,,,
115374313,51092,,,
115374437,24318,,,
115374863,51487,,,
115374938,51870,,,
115375220,51277,,,
115376308,51787,,,
115376713,51715,,,
115377060,51495,,,
115377470,51869,,,
115378443,51973,,,
115378890,51143,,,
115379548,51379,,,
115379758,51792,,,
115380693,51695,,,
115380853,24028,,,
115380907,24016,,,
115381507,50791,,,
115382040,24163,,,
115382080,24998,,,
115383082,51120,,,
115383942,51823,,,
115384248,49736,,,
115384303,51327,,,
115384375,50460,,,
115384393,50675,,,
115384490,51642,,,
115384527,51489,,,
115385067,24421,,,
115385168,51937,,,
115385300,24074,,,
115385403,51146,,,
115385747,51071,,,
115386242,51583,,,
115386318,50646,,,
115387100,24069,,,
115387123,24398,,,
115387273,24123,,,
115388022,51492,,,
115388482,24458,,,
115388515,24158,,,
115388853,50525,,,
115389385,24052,,,
115389488,24571,,,
115389868,51061,,,
115390178,24410,,,
115390222,24430,,,
115390325,24073,,,
115390453,51238,,,
115391120,51737,,,
115391892,24228,,,
115391972,51867,,,
115392009,51085,,,
115392023,51732,,,
115392233,50401,,,
115392682,23174,,,
115392942,50170,,,
115393078,24085,,,
115393292,24008,,,
115394059,50185,,,
115394129,24076,,,
115394165,51112,,,
115394183,51318,,,
115394353,50380,,,
115394390,51388,,,
115394709,50620,,,
115394718,51727,,,
115394850,51323,,,
115395290,50757,,,
115395330,51614,,,
115395352,24520,,,
115395355,24311,,,
115395436,51227,,,
115395789,51872,,,
115395969,51832,,,
115396048,24457,,,
115396870,24197,,,
115396998,51597,,,
115397110,24007,,,
115397628,24570,,,
115398060,51473,,,
115399323,51088,,,
115399583,24097,,,
115401079,51992,,,
115401396,51396,,,
115401633,24760,,,
115401996,50467,,,
115402423,24096,,,
115402766,24120,,,
115403036,51101,,,
115403859,51347,,,
115403949,50110,,,
115404418,24627,,,
115404599,24057,,,
115404846,51628,,,
115405658,51259,,,
115405888,50655,,,
115406178,50550,,,
115406668,50421,,,
115407258,24080,,,
115408058,50494,,,
115408403,50180,,,
115409108,50720,,,
115409448,24003,,,
115409493,24463,,,
115410698,24221,,,
115410828,24507,,,
115412138,24064,,,
115412618,51679,,,
115412703,51278,,,
115413303,51116,,,
115413728,51130,,,
115416268,51817,,,
115417868,50441,,,
115418338,50440,,,
115418837,51103,,,
115420397,24313,,,
115423578,51820,,,
115424007,50756,,,
115424050,50175,,,
115424298,51122,,,
115424470,24328,,,
115424557,24431,,,
115424740,51839,,,
115427640,51668,,,
115428128,50335,,,
115428510,51504,,,
115429150,51314,,,
115429788,24040,,,
115430530,24191,,,
115431380,51996,,,
115431820,51735,,,
115433350,50434,,,
115440083,51849,,,
115443693,50466,,,
115443983,50420,,,
115444833,51501,,,
115446043,51190,,,
115446333,24429,,,
115448103,51822,,,
115448963,24470,,,
115449313,50150,,,
115449553,24062,,,
115451203,51428,,,
115451503,51123,,,
115453033,51082,,,
115458948,51062,,,
115459238,51463,,,
115460228,50139,,,
115461118,50370,,,
115461938,50695,,,
115462138,51110,,,
115462738,51858,,,
115464018,50318,,,
115465698,24498,,,
115466828,50764,,,
168678492,51938,,,
168682367,51641,,,
168685704,51771,,,
168706266,60512,,,
168721140,51368,,,
168726578,24971,,,
168729058,60511,,,
168738430,51680,,,
168740060,24991,,,
168743377,51228,,,
168765445,51843,,,
168783281,51768,,,
168795094,51321,,,
168830912,51893,,,
168833240,24148,,,
168883473,51703,,,
168894173,24827,,,
168909978,51722,,,
168913464,37204,,,
168927424,51691,,,
168957468,24748,,,
168971711,51907,,,
168998224,51640,,,
169009856,51963,,,
169027492,51772,,,
169039392,24128,,,
169045874,51763,,,
169058463,51923,,,
169065235,24992,,,
169068933,51350,,,
169073894,24121,,,
169075248,24147,,,
169076797,60521,,,
169087884,24740,,,
169089887,50795,,,
169098584,24741,,,
169115530,51833,,,
169148304,51198,,,
169154162,60501,,,
169190265,23738,,,
169192784,37877,,,
169196639,50677,,,
169203842,51913,,,
169212251,51883,,,
169214688,51707,,,
169234838,51770,,,
169235198,51933,,,
169235327,23504,,,
169242856,24141,,,
169247432,38326,,,
169251179,24710,,,
169252278,60502,,,
169277336,24133,,,
169283866,51751,,,
169334699,51741,,,
169335012,51847,,,
169350640,51637,,,
169352580,50769,,,
169365209,24770,,,
169374798,51743,,,
169390899,51698,,,
169394368,50468,,,
169399955,51898,,,
169401804,51710,,,
169403844,51681,,,
169409341,23089,,,
169411960,51767,,,
169416801,37297,,,
169427572,37205,,,
169433597,51827,,,
169442084,23187,,,
169442263,51810,,,
169448216,38395,,,
169455581,50383,,,
169461342,51911,,,
169462881,23687,,,
169473848,23210,,,
169480063,51808,,,
169488176,50723,,,
169489097,51677,,,
169489175,51231,,,
169496983,39626,,,
169500101,24143,,,
169501679,38286,,,
169510576,24127,,,
169532276,24997,,,
169537419,49005,,,
169572559,51877,,,
169581843,24963,,,
169614049,23034,,,
173879184,49063,,,
173931484,24293,,,
173952385,24287,,,
173967286,24333,,,
174003434,24367,,,
174013089,51824,,,
174035209,51508,,,
174069122,24144,,,
174105163,23661,,,
174118485,50521,,,
174128661,24169,,,
174161537,51310,,,
174182548,49006,,,
174209766,23073,,,
174209974,24358,,,
174233882,51220,,,
174234775,24161,,,
174258925,23540,,,
174271522,51429,,,
174285734,24363,,,
174316593,24327,,,
174356329,23028,,,
174361546,23082,,,
174374900,23709,,,
174384210,24361,,,
174403300,49056,,,
174413660,51288,,,
174420803,51311,,,
174598055,24307,,,
174624573,51863,,,
174647313,23016,,,
174657833,23555,,,
174668143,23781,,,
174677767,22952,,,
174687208,49921,,,
174696627,24323,,,
174714181,51477,,,
174729633,51418,,,
174729782,51377,,,
174740157,51850,,,
174743214,49062,,,
174854165,51860,,,
174875918,51454,,,
174882633,51448,,,
174905924,51218,,,
174914260,51221,,,
174923884,24341,,,
174935710,23213,,,
174942542,23207,,,
174956786,51949,,,
174965623,51496,,,
174974569,51370,,,
174978990,51483,,,
174994325,51317,,,
175056451,23181,,,
175107426,49009,,,
175160640,51342,,,
175169868,51701,,,
179069992,51593,,,
179176015,51408,,,
179187017,51207,,,
179207784,51391,,,
179217469,51603,,,
179227292,51403,,,
179251980,24403,,,
179256473,24393,,,
179307057,51577,,,
179322839,24373,,,
179350952,24886,,,
179409768,51337,,,
179511706,24377,,,
179571521,51547,,,
179587693,24232,,,
179653823,51502,,,
179685718,51548,,,
179698445,51390,,,
179723890,24383,,,
179730504,51617,,,
179758817,24350,,,
179832726,51413,,,
190087906,51358,,,
190088902,24298,,,
192154230,51361,,,
192168232,51338,,,
192301037,51351,,,
192366867,51378,,,
192451139,93416,,,
192659837,51148,,,
192756884,51407,,,
192940616,24371,,,
193030167,49920,,,
193106888,38362,,,
193208222,51510,,,
193317955,49608,,,
193442743,51348,,,
193615825,51578,,,
193708758,24388,,,
202805811,51457,,,
202808971,24315,,,
202817191,24243,,,
202832175,51782,,,
202841789,24125,,,
202856749,24275,,,
202857091,24106,,,
202857476,24334,,,
202869304,24374,,,
202871722,51784,,,
202891084,24355,,,
202902121,51119,,,
202904218,51275,,,
202907326,51402,,,
202910823,51152,,,
202913546,51539,,,
202921850,24256,,,
202922038,51519,,,
202923273,24132,,,
202923372,51414,,,
202926561,24354,,,
202926841,51124,,,
202927405,24389,,,
202932733,24240,,,
202947790,24344,,,
202949911,24119,,,
202955151,24185,,,
202962715,24241,,,
202969513,51253,,,
202977325,24335,,,
202978904,24365,,,
202979137,51529,,,
202979955,51761,,,
202984065,51854,,,
202989763,51375,,,
202989769,51438,,,
202989959,24356,,,
202990274,24112,,,
202995056,24156,,,
202995726,24364,,,
202997080,51129,,,
202998830,24375,,,
203000879,24116,,,
203000918,51464,,,
203009176,24124,,,
203017201,51086,,,
203018581,51799,,,
203019325,24122,,,
203020063,51156,,,
203022380,51257,,,
203022767,51595,,,
203023560,51154,,,
203024942,51094,,,
203034974,24379,,,
203036563,24186,,,
203037460,51437,,,
203039668,51660,,,
203040366,51419,,,
203046330,24166,,,
203052540,51095,,,
203068030,51374,,,
203072762,51332,,,
203080458,24142,,,
203081248,24184,,,
203085176,24172,,,
203086962,24212,,,
203090535,24214,,,
203090545,51965,,,
203092167,24139,,,
203093633,51248,,,
203101564,51084,,,
203103488,51966,,,
203112300,51099,,,
203116436,24194,,,
203121777,51115,,,
203132123,24229,,,
203190348,24155,,,
203204146,24299,,,
204445773,51979,,,
204449427,24272,,,
204471221,24235,,,
204529988,51266,,,
204530810,24266,,,
204918069,51426,,,
205026112,24234,,,
205062399,51649,,,
205098280,51499,,,
205112208,51648,,,
205115023,24349,,,
205148416,24369,,,
205197426,51522,,,
205228517,51579,,,
205231887,24426,,,
206000321,51582,,,
206073614,51592,,,
210125791,24414,,,
210161245,51524,,,
210174716,51673,,,
210178572,50913,,,
210182585,50912,,,
210194309,51666,,,
210205372,51712,,,
210207460,51726,,,
210213936,51269,,,
210222192,24233,,,
210224357,51686,,,
210225125,24276,,,
210232329,51264,,,
210239226,51584,,,
210240193,51717,,,
210249670,51479,,,
210251667,24423,,,
210251935,51696,,,
210259183,24265,,,
210266251,51534,,,
210271114,51645,,,
210273232,51585,,,
210284964,51683,,,
210327148,51265,,,
210329428,24176,,,
210331357,51627,,,
210358706,51665,,,
210362865,51291,,,
210375116,51708,,,
210386858,24310,,,
210388067,51573,,,
210388824,51315,,,
210411874,24308,,,
210415279,51694,,,
210428942,24404,,,
210430463,51521,,,
210465500,51623,,,
214702391,51725,,,
214722331,51783,,,
214736565,51550,,,
214739312,51481,,,
214749101,24366,,,
214757957,24396,,,
214776761,24175,,,
214779587,51462,,,
214807889,51639,,,
214814059,51716,,,
214822423,24296,,,
214824932,51339,,,
214840949,51430,,,
214848807,50911,,,
214849071,51226,,,
214852995,51714,,,
214863918,51568,,,
214869110,24406,,,
214888854,51545,,,
214897447,51432,,,
214898939,51671,,,
214901941,51461,,,
214908956,51523,,,
214916123,51421,,,
214959047,51596,,,
214985687,24416,,,
214987800,51272,,,
214994871,51702,,,
214998462,51254,,,
214998571,51225,,,
215005258,51713,,,
215007409,51516,,,
215027005,51719,,,
215030320,51718,,,
215033942,51633,,,
215035860,51423,,,
215037473,51222,,,
215062701,51517,,,
215073341,51535,,,
215076976,51525,,,
215086612,24395,,,
215124639,51518,,,
215136555,51569,,,
215153904,51785,,,
215170720,24425,,,
215182682,24286,,,
215191507,51793,,,
215202285,51469,,,
215217394,24399,,,
215223790,51352,,,
215232158,51476,,,
215241987,51682,,,
216022241,51511,,,
216031686,24239,,,
216083942,51672,,,
216122759,51689,,,
216127320,24264,,,
216134367,24412,,,
216473325,51781,,,
216527903,24402,,,
216549428,51602,,,
217618254,51812,,,
217640285,51835,,,
217649952,51800,,,
217733449,51816,,,
217811028,51802,,,
217843033,51829,,,
217856914,51797,,,
217888541,51795,,,
217927958,51806,,,
217961563,51805,,,
217987080,51794,,,
217994194,24435,,,
218101323,51798,,,
218139335,51834,,,
218154227,51807,,,
222638071,51919,,,
222638391,60711,,,
222719744,51876,,,
222738175,52038,,,
222757700,51922,,,
222763105,51224,,,
222763506,51862,,,
222772309,51488,,,
222781981,51948,,,
222808506,51954,,,
222819632,52004,,,
222820677,51852,,,
222822469,52003,,,
222832912,52032,,,
222848032,51875,,,
222849852,51974,,,
222854468,51899,,,
222861522,52002,,,
222880360,51984,,,
222884469,51889,,,
222889415,52018,,,
222890505,51842,,,
222895456,60702,,,
222896946,52019,,,
222901650,52000,,,
222901845,60507,,,
222906039,51995,,,
222906850,52028,,,
222909654,51896,,,
222912406,51914,,,
222914617,52017,,,
222924700,52023,,,
222926947,52006,,,
222927909,52005,,,
222933389,52001,,,
222935649,52027,,,
222946127,52024,,,
222960198,51904,,,
222999728,51916,,,
222999758,51846,,,
223018783,51859,,,
223018843,51976,,,
223036283,51864,,,
226990031,52134,,,
227019599,37870,,,
227022755,52163,,,
227072144,52129,,,
227080810,52184,,,
227142963,52132,,,
227172031,52120,,,
227172692,52113,,,
227218110,52234,,,
227218816,52100,,,
227219600,52174,,,
227288024,37664,,,
227302445,52177,,,
227305684,52112,,,
227310076,52153,,,
227330628,52109,,,
227333431,52014,,,
227381311,52225,,,
227383921,52057,,,
227523124,52107,,,
227524625,52108,,,
227539701,52182,,,
227553866,52035,,,
227578885,52159,,,
227583114,52106,,,
227642650,52031,,,
227667728,52172,,,
227667768,52122,,,
227744198,38365,,,
227765477,52101,,,
227826392,60700,,,
227870212,52121,,,
227878441,52157,,,
227912585,39273,,,
227913194,52175,,,
227930130,60606,,,
227938087,34246,,,
227952883,39352,,,
227953327,37871,,,
227977111,52138,,,
227996794,52152,,,
227996903,52185,,,
228005686,52133,,,
228010829,52148,,,
228021443,52103,,,
228041367,52156,,,
228085738,52272,,,
228135277,52099,,,
228138935,52224,,,
228141444,38243,,,
228177904,52037,,,
229926702,52207,,,
229929862,52296,,,
229965350,52223,,,
229976091,52110,,,
229981466,52216,,,
229985771,60504,,,
229990947,52220,,,
230008272,52290,,,
230012727,52295,,,
230027315,52178,,,
230035084,52300,,,
230044855,52241,,,
230071073,52219,,,
230081973,52294,,,
230164341,52301,,,
230182199,52227,,,
230183548,52270,,,
230202361,52186,,,
230272602,52202,,,
230283512,52421,,,
230298787,52383,,,
230304501,52217,,,
230309033,52425,,,
230309949,52218,,,
230327090,52424,,,
230334879,52418,,,
230339389,52419,,,
230344346,52305,,,
230365864,52276,,,
230371239,52336,,,
230373580,52190,,,
230382188,52222,,,
230404087,52189,,,
230407069,52139,,,
230418270,52203,,,
230439344,24446,,,
230442239,52291,,,
230443802,52271,,,
230444744,52283,,,
230467060,52206,,,
230473877,52267,,,
230503494,52015,,,
230510740,52188,,,
230513936,52176,,,
230526374,52095,,,
230530686,52128,,,
230534796,52232,,,
230548636,52173,,,
235283971,52437,,,
235348701,52462,,,
235624964,38767,,,
235766131,52480,,,
235810795,52478,,,
235837792,52447,,,
235877670,52434,,,
235963020,39456,,,
235990707,39292,,,
236087853,52479,,,
236101525,52451,,,
236166575,52543,,,
236325415,52452,,,
236330437,37768,,,
236340591,52481,,,
236389672,52435,,,
236400223,52426,,,
236509903,55325,,,
